Crime Type,Arrest Rate
Assault,0.5085714285714286
Burglary,0.541871921182266
Robbery,0.5492957746478874
Theft,0.5167464114832536
Vandalism,0.545
